rerank_model,topk,matched_count,match_rate,avg_orig_rank,avg_llm_rank,mrr_cosine,mrr_llm,avg_rank_change,improved_count,same_count,improved_percent
gpt_5_mini,1,51,48.113207547169814,4.901960784313726,1.0,0.3054310613134142,1.0,3.9019607843137254,46,5,90.19607843137256
gpt_5_mini,3,54,50.943396226415096,4.814814814814815,1.037037037037037,0.30543797766019987,0.9814814814814815,3.7777777777777777,49,5,90.74074074074075
